{
    "D": 3154,
    "O": 85702,
    "S": 687,
    "H": 1380,
    "Domain Coverage": 0.2178,
    "Ontology Relevance": 0.008,
    "Sub-Ontology Relevance": 0.4978,
    "BERT": {
        "square": {
            "CSS": 0.4631531067983806,
            "PSS": 0.43989976756105087,
            "PDA": 0.8618193834864223
        },
        "museum": {
            "CSS": 0.47077688917159,
            "PSS": 0.46732722082376754,
            "PDA": 0.8827696521719026
        },
        "art gallery": {
            "CSS": 0.5079725776130648,
            "PSS": 0.47831766688996463,
            "PDA": 0.9028682049195285
        },
        "church": {
            "CSS": 0.4972513898770696,
            "PSS": 0.3900519089795195,
            "PDA": 0.8383582735192333
        },
        "palace": {
            "CSS": 0.4700896422441943,
            "PSS": 0.42616039063890687,
            "PDA": 0.8902360080582367
        },
        "river": {
            "CSS": 0.32621789771816057,
            "PSS": 0.3965592083724987,
            "PDA": 0.8960505776209753
        },
        "tourist attraction": {
            "CSS": 0.4258446858313637,
            "PSS": 0.3720362523823335,
            "PDA": 0.9229033792394488
        },
        "theatre": {
            "CSS": 0.48215725620323324,
            "PSS": 0.5288065353683777,
            "PDA": 0.8798141402225315
        },
        "monument": {
            "CSS": 0.4256702591463857,
            "PSS": 0.46630619728458284,
            "PDA": 0.8468298464713728
        },
        "archaeological site": {
            "CSS": 0.4457711539058851,
            "PSS": 0.38576296800783827,
            "PDA": 0.8983058782313117
        },
        "cathedral": {
            "CSS": 0.5839305306592906,
            "PSS": 0.5040938928057099,
            "PDA": 0.8696122196335315
        },
        "lake": {
            "CSS": 0.3865528479991243,
            "PSS": 0.43639275582138454,
            "PDA": 0.9363083300303954
        },
        "park": {
            "CSS": 0.444304958048374,
            "PSS": 0.40760930143317636,
            "PDA": 0.8593542725780549
        },
        "tower": {
            "CSS": 0.5207472771748193,
            "PSS": 0.48396976570934097,
            "PDA": 0.8790330704621222
        },
        "synagogue": {
            "CSS": 0.6763891477712054,
            "PSS": 0.732326026214644,
            "PDA": 0.8676189834478829
        },
        "castle": {
            "CSS": 0.4710295100833498,
            "PSS": 0.49801858444869024,
            "PDA": 0.8431192129285612
        },
        "mosque": {
            "CSS": 0.6377770451691495,
            "PSS": 0.4909163275270001,
            "PDA": 0.8488427970421213
        },
        "stadium": {
            "CSS": 0.4314290224154618,
            "PSS": 0.3523003951295917,
            "PDA": 0.8198423483122385
        },
        "market": {
            "CSS": 0.4421328301003916,
            "PSS": 0.4016314526943076,
            "PDA": 0.8598302491540538
        },
        "monastery": {
            "CSS": 0.4788442420341015,
            "PSS": 0.40098709522767756,
            "PDA": 0.8882126101201482
        },
        "mountain": {
            "CSS": 0.0,
            "PSS": 0.36487245644592503,
            "PDA": 1.0
        },
        "mean_CSS": 0.45657344142688544,
        "mean_PSS": 0.4487783890364898,
        "mean_PDA": 0.8805585446500036
    },
    "KCOG-BERT": {
        "square": {
            "CSS": 0.6530806331406702,
            "PSS": 0.5915176458718391,
            "PDA": 0.8956429887147828
        },
        "museum": {
            "CSS": 0.6638442939291198,
            "PSS": 0.6129882267094805,
            "PDA": 0.9119484921074867
        },
        "art gallery": {
            "CSS": 0.7115496732596566,
            "PSS": 0.6462089836418112,
            "PDA": 0.9200137328529218
        },
        "church": {
            "CSS": 0.6640446182830196,
            "PSS": 0.6461019428849639,
            "PDA": 0.8930052625145746
        },
        "palace": {
            "CSS": 0.6819572528661464,
            "PSS": 0.5806161142376479,
            "PDA": 0.925822880816593
        },
        "river": {
            "CSS": 0.62086698101913,
            "PSS": 0.6384067472103022,
            "PDA": 0.8894477812026508
        },
        "tourist attraction": {
            "CSS": 0.6308151507755209,
            "PSS": 0.5634986454980123,
            "PDA": 0.9160795890147215
        },
        "theatre": {
            "CSS": 0.6838345411138104,
            "PSS": 0.6796759324316739,
            "PDA": 0.9020975848767943
        },
        "monument": {
            "CSS": 0.6506890483699985,
            "PSS": 0.6221686595120476,
            "PDA": 0.8608847716428827
        },
        "archaeological site": {
            "CSS": 0.643172424067986,
            "PSS": 0.5554633607293282,
            "PDA": 0.8901144294897642
        },
        "cathedral": {
            "CSS": 0.6616175415436681,
            "PSS": 0.6193406913873983,
            "PDA": 0.9196404440294864
        },
        "lake": {
            "CSS": 0.6836504099652129,
            "PSS": 0.5769135818953105,
            "PDA": 0.9349270247639372
        },
        "park": {
            "CSS": 0.6536977590168846,
            "PSS": 0.6247705338037696,
            "PDA": 0.8919782333240165
        },
        "tower": {
            "CSS": 0.685012497180397,
            "PSS": 0.6197971206398791,
            "PDA": 0.9125955767382822
        },
        "synagogue": {
            "CSS": 0.7169312326185062,
            "PSS": 0.7523890724178585,
            "PDA": 0.8764565933194111
        },
        "castle": {
            "CSS": 0.677027445743237,
            "PSS": 0.6497595081073702,
            "PDA": 0.8983646217192728
        },
        "mosque": {
            "CSS": 0.7196250780779583,
            "PSS": 0.6168938117506116,
            "PDA": 0.8644516986302027
        },
        "stadium": {
            "CSS": 0.6714038509907428,
            "PSS": 0.5956029358311531,
            "PDA": 0.8838281774823508
        },
        "market": {
            "CSS": 0.659197099573787,
            "PSS": 0.5930832744456669,
            "PDA": 0.9038195121753297
        },
        "monastery": {
            "CSS": 0.6642065245603185,
            "PSS": 0.5864597551158911,
            "PDA": 0.9379979556581829
        },
        "mountain": {
            "CSS": 0.0,
            "PSS": 0.5047647605326079,
            "PDA": 1.0
        },
        "mean_CSS": 0.6379154312426557,
        "mean_PSS": 0.6131629192692677,
        "mean_PDA": 0.9061484452892211
    }
}